image,status,conflict_method,docling_easyocr_preprocessed__chars,docling_qwen3-vlm-4B_preprocessed__chars,charsim__docling_easyocr_preprocessed__vs__docling_qwen3-vlm-4B_preprocessed,jaccard__docling_easyocr_preprocessed__vs__docling_qwen3-vlm-4B_preprocessed,min_charsim,mean_charsim,min_jaccard,mean_jaccard
pages-2-a,MISMATCH,docling_easyocr_preprocessed;docling_qwen3-vlm-4B_preprocessed,6,39,0.2667,0.0,0.2667,0.2667,0.0,0.0
pages-2-b,MISMATCH,docling_easyocr_preprocessed;docling_qwen3-vlm-4B_preprocessed,373,814,0.2831,0.2056,0.2831,0.2831,0.2056,0.2056
pages-3-a,MISMATCH,docling_easyocr_preprocessed;docling_qwen3-vlm-4B_preprocessed,1276,1344,0.2885,0.5588,0.2885,0.2885,0.5588,0.5588
pages-3-b,MISMATCH,docling_easyocr_preprocessed;docling_qwen3-vlm-4B_preprocessed,927,1184,0.1952,0.2655,0.1952,0.1952,0.2655,0.2655
pages-4-a,MISMATCH,docling_easyocr_preprocessed;docling_qwen3-vlm-4B_preprocessed,1081,1250,0.1399,0.4286,0.1399,0.1399,0.4286,0.4286
pages-4-b,MISMATCH,docling_easyocr_preprocessed;docling_qwen3-vlm-4B_preprocessed,1076,1185,0.0142,0.3354,0.0142,0.0142,0.3354,0.3354
pages-5-a,MISMATCH,docling_easyocr_preprocessed;docling_qwen3-vlm-4B_preprocessed,999,1180,0.0716,0.3702,0.0716,0.0716,0.3702,0.3702
pages-5-b,MISMATCH,docling_easyocr_preprocessed;docling_qwen3-vlm-4B_preprocessed,1068,1181,0.249,0.5029,0.249,0.249,0.5029,0.5029
pages-6-a,MISMATCH,docling_easyocr_preprocessed;docling_qwen3-vlm-4B_preprocessed,863,1105,0.064,0.3409,0.064,0.064,0.3409,0.3409
pages-6-b,MISMATCH,docling_easyocr_preprocessed;docling_qwen3-vlm-4B_preprocessed,1209,1282,0.0779,0.5824,0.0779,0.0779,0.5824,0.5824
pages-7-a,MISMATCH,docling_easyocr_preprocessed;docling_qwen3-vlm-4B_preprocessed,905,1141,0.0323,0.3224,0.0323,0.0323,0.3224,0.3224
pages-7-b,MISMATCH,docling_easyocr_preprocessed;docling_qwen3-vlm-4B_preprocessed,1062,1193,0.306,0.4368,0.306,0.306,0.4368,0.4368
pages-8-a,BLANK,,0,78,0.0,0.0,0.0,0.0,0.0,0.0
pages-8-b,MISMATCH,docling_easyocr_preprocessed;docling_qwen3-vlm-4B_preprocessed,1370,1567,0.0436,0.5794,0.0436,0.0436,0.5794,0.5794
pages-9-a,MISMATCH,docling_easyocr_preprocessed;docling_qwen3-vlm-4B_preprocessed,3034,4111,0.0235,0.3633,0.0235,0.0235,0.3633,0.3633
pages-9-b,MISMATCH,docling_easyocr_preprocessed;docling_qwen3-vlm-4B_preprocessed,3381,4035,0.2767,0.5032,0.2767,0.2767,0.5032,0.5032
pages-10-a,MISMATCH,docling_easyocr_preprocessed;docling_qwen3-vlm-4B_preprocessed,3123,4001,0.0879,0.4278,0.0879,0.0879,0.4278,0.4278
pages-10-b,MISMATCH,docling_easyocr_preprocessed;docling_qwen3-vlm-4B_preprocessed,3474,4125,0.085,0.4942,0.085,0.085,0.4942,0.4942
pages-11-a,MISMATCH,docling_easyocr_preprocessed;docling_qwen3-vlm-4B_preprocessed,1564,1845,0.0428,0.5682,0.0428,0.0428,0.5682,0.5682
pages-11-b,MISSING,docling_easyocr_preprocessed,0,71,0.0,0.0,0.0,0.0,0.0,0.0
pages-12-a,MISSING,docling_easyocr_preprocessed,0,125,0.0,0.0,0.0,0.0,0.0,0.0
pages-12-b,MISMATCH,docling_easyocr_preprocessed;docling_qwen3-vlm-4B_preprocessed,1907,3110,0.0279,0.4268,0.0279,0.0279,0.4268,0.4268
pages-13-a,MISMATCH,docling_easyocr_preprocessed;docling_qwen3-vlm-4B_preprocessed,1262,1423,0.3933,0.6865,0.3933,0.3933,0.6865,0.6865
pages-13-b,MISMATCH,docling_easyocr_preprocessed;docling_qwen3-vlm-4B_preprocessed,3373,3934,0.1681,0.5,0.1681,0.1681,0.5,0.5
pages-14-a,MISMATCH,docling_easyocr_preprocessed;docling_qwen3-vlm-4B_preprocessed,1619,2482,0.1136,0.3333,0.1136,0.1136,0.3333,0.3333
pages-14-b,MISMATCH,docling_easyocr_preprocessed;docling_qwen3-vlm-4B_preprocessed,1385,1583,0.1206,0.5845,0.1206,0.1206,0.5845,0.5845
pages-15-a,MISMATCH,docling_easyocr_preprocessed;docling_qwen3-vlm-4B_preprocessed,1585,2089,0.0272,0.4006,0.0272,0.0272,0.4006,0.4006
pages-15-b,MISMATCH,docling_easyocr_preprocessed;docling_qwen3-vlm-4B_preprocessed,1708,1955,0.0202,0.552,0.0202,0.0202,0.552,0.552
pages-16-a,MISMATCH,docling_easyocr_preprocessed;docling_qwen3-vlm-4B_preprocessed,1013,1682,0.0631,0.3218,0.0631,0.0631,0.3218,0.3218
pages-16-b,MISSING,docling_easyocr_preprocessed,0,50,0.0,0.0,0.0,0.0,0.0,0.0
pages-17-a,BLANK,,0,206,0.0,0.0,0.0,0.0,0.0,0.0
pages-17-b,MISMATCH,docling_easyocr_preprocessed;docling_qwen3-vlm-4B_preprocessed,1410,1636,0.0571,0.6245,0.0571,0.0571,0.6245,0.6245
pages-18-a,MISMATCH,docling_easyocr_preprocessed;docling_qwen3-vlm-4B_preprocessed,1143,1817,0.0236,0.3622,0.0236,0.0236,0.3622,0.3622
pages-18-b,MISMATCH,docling_easyocr_preprocessed;docling_qwen3-vlm-4B_preprocessed,1021,1731,0.0545,0.3407,0.0545,0.0545,0.3407,0.3407
pages-19-a,MISMATCH,docling_easyocr_preprocessed;docling_qwen3-vlm-4B_preprocessed,1802,2367,0.023,0.3944,0.023,0.023,0.3944,0.3944
pages-19-b,MISMATCH,docling_easyocr_preprocessed;docling_qwen3-vlm-4B_preprocessed,1663,2541,0.0471,0.3761,0.0471,0.0471,0.3761,0.3761
pages-20-a,MISMATCH,docling_easyocr_preprocessed;docling_qwen3-vlm-4B_preprocessed,1322,114,0.0919,0.0258,0.0919,0.0919,0.0258,0.0258
pages-20-b,MATCH,,24,24,1.0,1.0,1.0,1.0,1.0,1.0
pages-21-a,BLANK,,0,149,0.0,0.0,0.0,0.0,0.0,0.0
pages-21-b,MISMATCH,docling_easyocr_preprocessed;docling_qwen3-vlm-4B_preprocessed,1529,1726,0.129,0.4359,0.129,0.129,0.4359,0.4359
pages-22-a,MISMATCH,docling_easyocr_preprocessed;docling_qwen3-vlm-4B_preprocessed,2316,3774,0.0184,0.3796,0.0184,0.0184,0.3796,0.3796
pages-22-b,MISMATCH,docling_easyocr_preprocessed;docling_qwen3-vlm-4B_preprocessed,1969,2425,0.1957,0.5188,0.1957,0.1957,0.5188,0.5188
pages-23-a,MISMATCH,docling_easyocr_preprocessed;docling_qwen3-vlm-4B_preprocessed,1518,2607,0.1178,0.3117,0.1178,0.1178,0.3117,0.3117
pages-23-b,MISMATCH,docling_easyocr_preprocessed;docling_qwen3-vlm-4B_preprocessed,1553,2405,0.1491,0.3993,0.1491,0.1491,0.3993,0.3993
pages-24-a,MISMATCH,docling_easyocr_preprocessed;docling_qwen3-vlm-4B_preprocessed,1516,2041,0.1456,0.4331,0.1456,0.1456,0.4331,0.4331
pages-24-b,MISMATCH,docling_easyocr_preprocessed;docling_qwen3-vlm-4B_preprocessed,1703,2497,0.1152,0.3808,0.1152,0.1152,0.3808,0.3808
pages-25-a,MISMATCH,docling_easyocr_preprocessed;docling_qwen3-vlm-4B_preprocessed,1758,2562,0.0926,0.378,0.0926,0.0926,0.378,0.378
pages-25-b,MISSING,docling_easyocr_preprocessed,0,46,0.0,0.0,0.0,0.0,0.0,0.0
pages-26-a,BLANK,,0,93,0.0,0.0,0.0,0.0,0.0,0.0
pages-26-b,MISMATCH,docling_easyocr_preprocessed;docling_qwen3-vlm-4B_preprocessed,1593,2015,0.1292,0.4184,0.1292,0.1292,0.4184,0.4184
pages-27-a,MISMATCH,docling_easyocr_preprocessed;docling_qwen3-vlm-4B_preprocessed,1695,2659,0.1011,0.3794,0.1011,0.1011,0.3794,0.3794
pages-27-b,MISMATCH,docling_easyocr_preprocessed;docling_qwen3-vlm-4B_preprocessed,1827,2176,0.1664,0.4926,0.1664,0.1664,0.4926,0.4926
pages-28-a,MISMATCH,docling_easyocr_preprocessed;docling_qwen3-vlm-4B_preprocessed,1590,2970,0.0219,0.3207,0.0219,0.0219,0.3207,0.3207
pages-28-b,MISMATCH,docling_easyocr_preprocessed;docling_qwen3-vlm-4B_preprocessed,2405,3624,0.0544,0.3745,0.0544,0.0544,0.3745,0.3745
pages-29-a,MISMATCH,docling_easyocr_preprocessed;docling_qwen3-vlm-4B_preprocessed,1854,3616,0.0234,0.2637,0.0234,0.0234,0.2637,0.2637
pages-29-b,MISMATCH,docling_easyocr_preprocessed;docling_qwen3-vlm-4B_preprocessed,1793,3203,0.0977,0.3214,0.0977,0.0977,0.3214,0.3214
pages-30-a,MISMATCH,docling_easyocr_preprocessed;docling_qwen3-vlm-4B_preprocessed,2565,4065,0.0078,0.3413,0.0078,0.0078,0.3413,0.3413
pages-30-b,BLANK,,0,94,0.0,0.0,0.0,0.0,0.0,0.0
pages-31-a,MISSING,docling_easyocr_preprocessed,2,70,0.0,0.0,0.0,0.0,0.0,0.0
pages-31-b,MISMATCH,docling_easyocr_preprocessed;docling_qwen3-vlm-4B_preprocessed,3188,3876,0.1399,0.5311,0.1399,0.1399,0.5311,0.5311
pages-32-a,MISMATCH,docling_easyocr_preprocessed;docling_qwen3-vlm-4B_preprocessed,2032,3185,0.0303,0.3443,0.0303,0.0303,0.3443,0.3443
pages-32-b,MISMATCH,docling_easyocr_preprocessed;docling_qwen3-vlm-4B_preprocessed,2111,3651,0.0902,0.3095,0.0902,0.0902,0.3095,0.3095
pages-33-a,MISMATCH,docling_easyocr_preprocessed;docling_qwen3-vlm-4B_preprocessed,2949,3951,0.0672,0.4107,0.0672,0.0672,0.4107,0.4107
pages-33-b,MISMATCH,docling_easyocr_preprocessed;docling_qwen3-vlm-4B_preprocessed,3001,3608,0.2218,0.5163,0.2218,0.2218,0.5163,0.5163
pages-34-a,MISMATCH,docling_easyocr_preprocessed;docling_qwen3-vlm-4B_preprocessed,2603,3457,0.2267,0.4987,0.2267,0.2267,0.4987,0.4987
pages-34-b,MISMATCH,docling_easyocr_preprocessed;docling_qwen3-vlm-4B_preprocessed,2187,2475,0.1214,0.5588,0.1214,0.1214,0.5588,0.5588
pages-35-a,MISMATCH,docling_easyocr_preprocessed;docling_qwen3-vlm-4B_preprocessed,3141,4412,0.0527,0.4126,0.0527,0.0527,0.4126,0.4126
pages-35-b,MISSING,docling_easyocr_preprocessed,0,7,0.0,0.0,0.0,0.0,0.0,0.0
pages-36-a,MISSING,docling_easyocr_preprocessed,0,64,0.0,0.0,0.0,0.0,0.0,0.0
pages-36-b,MISMATCH,docling_easyocr_preprocessed;docling_qwen3-vlm-4B_preprocessed,2530,3269,0.1887,0.4193,0.1887,0.1887,0.4193,0.4193
pages-37-a,MISMATCH,docling_easyocr_preprocessed;docling_qwen3-vlm-4B_preprocessed,1921,3491,0.1482,0.3009,0.1482,0.1482,0.3009,0.3009
pages-37-b,MISMATCH,docling_easyocr_preprocessed;docling_qwen3-vlm-4B_preprocessed,2225,3117,0.1011,0.4345,0.1011,0.1011,0.4345,0.4345
pages-38-a,MISMATCH,docling_easyocr_preprocessed;docling_qwen3-vlm-4B_preprocessed,1894,2993,0.0282,0.3129,0.0282,0.0282,0.3129,0.3129
pages-38-b,MISMATCH,docling_easyocr_preprocessed;docling_qwen3-vlm-4B_preprocessed,1617,3040,0.1202,0.2782,0.1202,0.1202,0.2782,0.2782
pages-39-a,MISMATCH,docling_easyocr_preprocessed;docling_qwen3-vlm-4B_preprocessed,1455,61857,0.0072,0.135,0.0072,0.0072,0.135,0.135
pages-39-b,MISMATCH,docling_easyocr_preprocessed;docling_qwen3-vlm-4B_preprocessed,2093,3265,0.0295,0.3054,0.0295,0.0295,0.3054,0.3054
pages-40-a,MISMATCH,docling_easyocr_preprocessed;docling_qwen3-vlm-4B_preprocessed,2363,3266,0.0735,0.3883,0.0735,0.0735,0.3883,0.3883
pages-40-b,MISMATCH,docling_easyocr_preprocessed;docling_qwen3-vlm-4B_preprocessed,63,93,0.5385,0.4545,0.5385,0.5385,0.4545,0.4545
pages-41-a,MISSING,docling_easyocr_preprocessed,0,161,0.0,0.0,0.0,0.0,0.0,0.0
pages-41-b,MISMATCH,docling_easyocr_preprocessed;docling_qwen3-vlm-4B_preprocessed,1310,1540,0.1537,0.5221,0.1537,0.1537,0.5221,0.5221
pages-42-a,MISMATCH,docling_easyocr_preprocessed;docling_qwen3-vlm-4B_preprocessed,2477,3006,0.0671,0.467,0.0671,0.0671,0.467,0.467
pages-42-b,MISMATCH,docling_easyocr_preprocessed;docling_qwen3-vlm-4B_preprocessed,1926,2704,0.0514,0.2874,0.0514,0.0514,0.2874,0.2874
pages-43-a,MISMATCH,docling_easyocr_preprocessed;docling_qwen3-vlm-4B_preprocessed,1719,2821,0.07,0.2899,0.07,0.07,0.2899,0.2899
pages-43-b,MISMATCH,docling_easyocr_preprocessed;docling_qwen3-vlm-4B_preprocessed,1481,1636,0.2509,0.5759,0.2509,0.2509,0.5759,0.5759
pages-44-a,MISMATCH,docling_easyocr_preprocessed;docling_qwen3-vlm-4B_preprocessed,1658,2508,0.0658,0.3185,0.0658,0.0658,0.3185,0.3185
pages-44-b,MISMATCH,docling_easyocr_preprocessed;docling_qwen3-vlm-4B_preprocessed,1216,1422,0.1994,0.5021,0.1994,0.1994,0.5021,0.5021
pages-45-a,MISMATCH,docling_easyocr_preprocessed;docling_qwen3-vlm-4B_preprocessed,2088,2492,0.0393,0.5265,0.0393,0.0393,0.5265,0.5265
pages-45-b,MATCH,,14,14,1.0,1.0,1.0,1.0,1.0,1.0
pages-46-a,BLANK,,0,73,0.0,0.0,0.0,0.0,0.0,0.0
pages-46-b,MISMATCH,docling_easyocr_preprocessed;docling_qwen3-vlm-4B_preprocessed,1161,1290,0.1958,0.7039,0.1958,0.1958,0.7039,0.7039
pages-47-a,MISMATCH,docling_easyocr_preprocessed;docling_qwen3-vlm-4B_preprocessed,1538,2436,0.0332,0.3716,0.0332,0.0332,0.3716,0.3716
pages-47-b,MISMATCH,docling_easyocr_preprocessed;docling_qwen3-vlm-4B_preprocessed,1331,2709,0.0248,0.2275,0.0248,0.0248,0.2275,0.2275
pages-48-a,MISMATCH,docling_easyocr_preprocessed;docling_qwen3-vlm-4B_preprocessed,2556,4265,0.2073,0.3491,0.2073,0.2073,0.3491,0.3491
pages-48-b,MISMATCH,docling_easyocr_preprocessed;docling_qwen3-vlm-4B_preprocessed,2316,3437,0.0789,0.3949,0.0789,0.0789,0.3949,0.3949
pages-49-a,MISMATCH,docling_easyocr_preprocessed;docling_qwen3-vlm-4B_preprocessed,1953,3216,0.3355,0.3598,0.3355,0.3355,0.3598,0.3598
pages-49-b,MISMATCH,docling_easyocr_preprocessed;docling_qwen3-vlm-4B_preprocessed,2509,3348,0.1957,0.3843,0.1957,0.1957,0.3843,0.3843
pages-50-a,MISMATCH,docling_easyocr_preprocessed;docling_qwen3-vlm-4B_preprocessed,2380,4296,0.2457,0.3479,0.2457,0.2457,0.3479,0.3479
pages-50-b,MISMATCH,docling_easyocr_preprocessed;docling_qwen3-vlm-4B_preprocessed,1366,3147,0.1077,0.2734,0.1077,0.1077,0.2734,0.2734
pages-51-a,MISMATCH,docling_easyocr_preprocessed;docling_qwen3-vlm-4B_preprocessed,2350,3684,0.1326,0.358,0.1326,0.1326,0.358,0.358
pages-51-b,MISMATCH,docling_easyocr_preprocessed;docling_qwen3-vlm-4B_preprocessed,1950,3044,0.147,0.3467,0.147,0.147,0.3467,0.3467
pages-52-a,MISMATCH,docling_easyocr_preprocessed;docling_qwen3-vlm-4B_preprocessed,2642,3828,0.2498,0.3697,0.2498,0.2498,0.3697,0.3697
pages-52-b,MISMATCH,docling_easyocr_preprocessed;docling_qwen3-vlm-4B_preprocessed,2990,3444,0.2381,0.4844,0.2381,0.2381,0.4844,0.4844
pages-53-a,MISMATCH,docling_easyocr_preprocessed;docling_qwen3-vlm-4B_preprocessed,1872,2684,0.1835,0.4469,0.1835,0.1835,0.4469,0.4469
pages-53-b,MISSING,docling_easyocr_preprocessed,0,58,0.0,0.0,0.0,0.0,0.0,0.0
pages-54-a,MISSING,docling_easyocr_preprocessed,0,82,0.0,0.0,0.0,0.0,0.0,0.0
pages-54-b,MISMATCH,docling_easyocr_preprocessed;docling_qwen3-vlm-4B_preprocessed,1974,2983,0.3022,0.3947,0.3022,0.3022,0.3947,0.3947
pages-55-a,MISMATCH,docling_easyocr_preprocessed;docling_qwen3-vlm-4B_preprocessed,1759,2929,0.099,0.4076,0.099,0.099,0.4076,0.4076
pages-55-b,MISMATCH,docling_easyocr_preprocessed;docling_qwen3-vlm-4B_preprocessed,2809,3723,0.2768,0.4479,0.2768,0.2768,0.4479,0.4479
pages-56-a,MISMATCH,docling_easyocr_preprocessed;docling_qwen3-vlm-4B_preprocessed,1760,2355,0.0258,0.4103,0.0258,0.0258,0.4103,0.4103
pages-56-b,MISMATCH,docling_easyocr_preprocessed;docling_qwen3-vlm-4B_preprocessed,2312,4061,0.065,0.3004,0.065,0.065,0.3004,0.3004
pages-57-a,MISMATCH,docling_easyocr_preprocessed;docling_qwen3-vlm-4B_preprocessed,1891,3458,0.1638,0.2831,0.1638,0.1638,0.2831,0.2831
pages-57-b,MISMATCH,docling_easyocr_preprocessed;docling_qwen3-vlm-4B_preprocessed,2031,2951,0.1999,0.4125,0.1999,0.1999,0.4125,0.4125
pages-58-a,MISMATCH,docling_easyocr_preprocessed;docling_qwen3-vlm-4B_preprocessed,2016,3079,0.1759,0.3649,0.1759,0.1759,0.3649,0.3649
pages-58-b,BLANK,,0,200,0.0,0.0,0.0,0.0,0.0,0.0
pages-59-a,MISSING,docling_easyocr_preprocessed,0,75,0.0,0.0,0.0,0.0,0.0,0.0
pages-59-b,MISMATCH,docling_easyocr_preprocessed;docling_qwen3-vlm-4B_preprocessed,2520,3782,0.2809,0.3465,0.2809,0.2809,0.3465,0.3465
pages-60-a,MISMATCH,docling_easyocr_preprocessed;docling_qwen3-vlm-4B_preprocessed,3116,3781,0.165,0.5266,0.165,0.165,0.5266,0.5266
pages-60-b,MISMATCH,docling_easyocr_preprocessed;docling_qwen3-vlm-4B_preprocessed,3123,3888,0.3078,0.4803,0.3078,0.3078,0.4803,0.4803
pages-61-a,MISMATCH,docling_easyocr_preprocessed;docling_qwen3-vlm-4B_preprocessed,2879,3937,0.0918,0.3913,0.0918,0.0918,0.3913,0.3913
pages-61-b,MISMATCH,docling_easyocr_preprocessed;docling_qwen3-vlm-4B_preprocessed,2419,3601,0.3229,0.3158,0.3229,0.3229,0.3158,0.3158
pages-62-a,MISMATCH,docling_easyocr_preprocessed;docling_qwen3-vlm-4B_preprocessed,2341,4085,0.2132,0.33,0.2132,0.2132,0.33,0.33
pages-62-b,MISMATCH,docling_easyocr_preprocessed;docling_qwen3-vlm-4B_preprocessed,2262,3962,0.2127,0.3789,0.2127,0.2127,0.3789,0.3789
pages-63-a,MISMATCH,docling_easyocr_preprocessed;docling_qwen3-vlm-4B_preprocessed,2096,3938,0.2814,0.3033,0.2814,0.2814,0.3033,0.3033
pages-63-b,MISMATCH,docling_easyocr_preprocessed;docling_qwen3-vlm-4B_preprocessed,2458,4113,0.2082,0.3284,0.2082,0.2082,0.3284,0.3284
pages-64-a,MISMATCH,docling_easyocr_preprocessed;docling_qwen3-vlm-4B_preprocessed,3075,4057,0.1506,0.4268,0.1506,0.1506,0.4268,0.4268
pages-64-b,MISMATCH,docling_easyocr_preprocessed;docling_qwen3-vlm-4B_preprocessed,2372,85647,0.0083,0.2508,0.0083,0.0083,0.2508,0.2508
pages-65-a,MISMATCH,docling_easyocr_preprocessed;docling_qwen3-vlm-4B_preprocessed,1600,3658,0.0978,0.2699,0.0978,0.0978,0.2699,0.2699
pages-65-b,MISMATCH,docling_easyocr_preprocessed;docling_qwen3-vlm-4B_preprocessed,1518,2422,0.134,0.3604,0.134,0.134,0.3604,0.3604
pages-66-a,MISMATCH,docling_easyocr_preprocessed;docling_qwen3-vlm-4B_preprocessed,2428,3452,0.1432,0.3742,0.1432,0.1432,0.3742,0.3742
pages-66-b,MISMATCH,docling_easyocr_preprocessed;docling_qwen3-vlm-4B_preprocessed,2481,3423,0.3181,0.3604,0.3181,0.3181,0.3604,0.3604
pages-67-a,MISMATCH,docling_easyocr_preprocessed;docling_qwen3-vlm-4B_preprocessed,1715,2545,0.1695,0.4011,0.1695,0.1695,0.4011,0.4011
pages-67-b,MISMATCH,docling_easyocr_preprocessed;docling_qwen3-vlm-4B_preprocessed,2750,3876,0.2463,0.4556,0.2463,0.2463,0.4556,0.4556
pages-68-a,MISMATCH,docling_easyocr_preprocessed;docling_qwen3-vlm-4B_preprocessed,2196,3349,0.4133,0.3914,0.4133,0.4133,0.3914,0.3914
pages-68-b,MISMATCH,docling_easyocr_preprocessed;docling_qwen3-vlm-4B_preprocessed,7,43,0.08,0.0,0.08,0.08,0.0,0.0
pages-69-a,BLANK,,0,237,0.0,0.0,0.0,0.0,0.0,0.0
pages-69-b,MISMATCH,docling_easyocr_preprocessed;docling_qwen3-vlm-4B_preprocessed,1470,1631,0.4347,0.6262,0.4347,0.4347,0.6262,0.6262
pages-70-a,MISMATCH,docling_easyocr_preprocessed;docling_qwen3-vlm-4B_preprocessed,1701,2055,0.0053,0.4333,0.0053,0.0053,0.4333,0.4333
pages-70-b,MISMATCH,docling_easyocr_preprocessed;docling_qwen3-vlm-4B_preprocessed,1703,2108,0.2304,0.5115,0.2304,0.2304,0.5115,0.5115
pages-71-a,MISMATCH,docling_easyocr_preprocessed;docling_qwen3-vlm-4B_preprocessed,3059,4312,0.0469,0.4228,0.0469,0.0469,0.4228,0.4228
pages-71-b,MISMATCH,docling_easyocr_preprocessed;docling_qwen3-vlm-4B_preprocessed,2286,2845,0.2046,0.4859,0.2046,0.2046,0.4859,0.4859
pages-72-a,MISMATCH,docling_easyocr_preprocessed;docling_qwen3-vlm-4B_preprocessed,2906,3539,0.0304,0.4884,0.0304,0.0304,0.4884,0.4884
pages-72-b,MISMATCH,docling_easyocr_preprocessed;docling_qwen3-vlm-4B_preprocessed,1930,2688,0.094,0.3905,0.094,0.094,0.3905,0.3905
pages-73-a,MISMATCH,docling_easyocr_preprocessed;docling_qwen3-vlm-4B_preprocessed,2636,3279,0.1139,0.513,0.1139,0.1139,0.513,0.513
pages-73-b,MISMATCH,docling_easyocr_preprocessed;docling_qwen3-vlm-4B_preprocessed,3261,3931,0.2469,0.5548,0.2469,0.2469,0.5548,0.5548
pages-74-a,MISMATCH,docling_easyocr_preprocessed;docling_qwen3-vlm-4B_preprocessed,1942,3075,0.0255,0.4184,0.0255,0.0255,0.4184,0.4184
pages-74-b,MISMATCH,docling_easyocr_preprocessed;docling_qwen3-vlm-4B_preprocessed,2525,4027,0.1389,0.3506,0.1389,0.1389,0.3506,0.3506
pages-75-a,MISMATCH,docling_easyocr_preprocessed;docling_qwen3-vlm-4B_preprocessed,2340,2859,0.1681,0.4855,0.1681,0.1681,0.4855,0.4855
pages-75-b,BLANK,,0,221,0.0,0.0,0.0,0.0,0.0,0.0
pages-76-a,MISSING,docling_easyocr_preprocessed,0,116,0.0,0.0,0.0,0.0,0.0,0.0
pages-76-b,MISMATCH,docling_easyocr_preprocessed;docling_qwen3-vlm-4B_preprocessed,2918,3801,0.1206,0.5082,0.1206,0.1206,0.5082,0.5082
pages-77-a,MISMATCH,docling_easyocr_preprocessed;docling_qwen3-vlm-4B_preprocessed,2850,4046,0.2819,0.3766,0.2819,0.2819,0.3766,0.3766
pages-77-b,MISMATCH,docling_easyocr_preprocessed;docling_qwen3-vlm-4B_preprocessed,2279,3623,0.1034,0.3539,0.1034,0.1034,0.3539,0.3539
pages-78-a,MISMATCH,docling_easyocr_preprocessed;docling_qwen3-vlm-4B_preprocessed,3020,3828,0.2331,0.4142,0.2331,0.2331,0.4142,0.4142
pages-78-b,MISMATCH,docling_easyocr_preprocessed;docling_qwen3-vlm-4B_preprocessed,2034,2693,0.1409,0.4023,0.1409,0.1409,0.4023,0.4023
pages-79-a,MISMATCH,docling_easyocr_preprocessed;docling_qwen3-vlm-4B_preprocessed,3092,4016,0.2757,0.4814,0.2757,0.2757,0.4814,0.4814
pages-79-b,MISMATCH,docling_easyocr_preprocessed;docling_qwen3-vlm-4B_preprocessed,1855,2425,0.2028,0.3725,0.2028,0.2028,0.3725,0.3725
pages-80-a,MISMATCH,docling_easyocr_preprocessed;docling_qwen3-vlm-4B_preprocessed,2178,3602,0.1197,0.381,0.1197,0.1197,0.381,0.381
pages-80-b,MISSING,docling_easyocr_preprocessed,0,28712,0.0,0.0,0.0,0.0,0.0,0.0
pages-81-a,MISSING,docling_easyocr_preprocessed,0,139,0.0,0.0,0.0,0.0,0.0,0.0
pages-81-b,MISMATCH,docling_easyocr_preprocessed;docling_qwen3-vlm-4B_preprocessed,2801,3787,0.0489,0.4043,0.0489,0.0489,0.4043,0.4043
pages-82-a,MISMATCH,docling_easyocr_preprocessed;docling_qwen3-vlm-4B_preprocessed,1416,1532,0.3501,0.7711,0.3501,0.3501,0.7711,0.7711
pages-82-b,MISMATCH,docling_easyocr_preprocessed;docling_qwen3-vlm-4B_preprocessed,1644,2056,0.1005,0.4719,0.1005,0.1005,0.4719,0.4719
pages-83-a,MISMATCH,docling_easyocr_preprocessed;docling_qwen3-vlm-4B_preprocessed,1633,2019,0.1501,0.4224,0.1501,0.1501,0.4224,0.4224
pages-83-b,MISMATCH,docling_easyocr_preprocessed;docling_qwen3-vlm-4B_preprocessed,1200,1873,0.0436,0.3555,0.0436,0.0436,0.3555,0.3555
pages-84-a,MISMATCH,docling_easyocr_preprocessed;docling_qwen3-vlm-4B_preprocessed,1770,2075,0.2034,0.5084,0.2034,0.2034,0.5084,0.5084
pages-84-b,MISSING,docling_easyocr_preprocessed,11,51,0.0,0.0,0.0,0.0,0.0,0.0
pages-85-a,BLANK,,0,261,0.0,0.0,0.0,0.0,0.0,0.0
pages-85-b,MISMATCH,docling_easyocr_preprocessed;docling_qwen3-vlm-4B_preprocessed,1775,1952,0.5114,0.5404,0.5114,0.5114,0.5404,0.5404
pages-86-a,MISMATCH,docling_easyocr_preprocessed;docling_qwen3-vlm-4B_preprocessed,1476,2186,0.2938,0.4007,0.2938,0.2938,0.4007,0.4007
pages-86-b,MISMATCH,docling_easyocr_preprocessed;docling_qwen3-vlm-4B_preprocessed,974,2127,0.0284,0.2351,0.0284,0.0284,0.2351,0.2351
pages-87-a,MISMATCH,docling_easyocr_preprocessed;docling_qwen3-vlm-4B_preprocessed,2906,3560,0.2147,0.5561,0.2147,0.2147,0.5561,0.5561
pages-87-b,MISMATCH,docling_easyocr_preprocessed;docling_qwen3-vlm-4B_preprocessed,2128,3250,0.2142,0.3881,0.2142,0.2142,0.3881,0.3881
pages-88-a,MISMATCH,docling_easyocr_preprocessed;docling_qwen3-vlm-4B_preprocessed,3134,3920,0.3944,0.4564,0.3944,0.3944,0.4564,0.4564
pages-88-b,MISMATCH,docling_easyocr_preprocessed;docling_qwen3-vlm-4B_preprocessed,1747,2387,0.1321,0.4181,0.1321,0.1321,0.4181,0.4181
pages-89-a,MISMATCH,docling_easyocr_preprocessed;docling_qwen3-vlm-4B_preprocessed,2579,3631,0.2383,0.4313,0.2383,0.2383,0.4313,0.4313
pages-89-b,MISMATCH,docling_easyocr_preprocessed;docling_qwen3-vlm-4B_preprocessed,1907,3399,0.0645,0.341,0.0645,0.0645,0.341,0.341
pages-90-a,MISMATCH,docling_easyocr_preprocessed;docling_qwen3-vlm-4B_preprocessed,2616,3408,0.2085,0.4805,0.2085,0.2085,0.4805,0.4805
pages-90-b,MISMATCH,docling_easyocr_preprocessed;docling_qwen3-vlm-4B_preprocessed,2853,3627,0.4694,0.492,0.4694,0.4694,0.492,0.492
pages-91-a,MISMATCH,docling_easyocr_preprocessed;docling_qwen3-vlm-4B_preprocessed,3030,3639,0.1466,0.5578,0.1466,0.1466,0.5578,0.5578
pages-91-b,BLANK,,0,257,0.0,0.0,0.0,0.0,0.0,0.0
pages-92-a,MISMATCH,docling_easyocr_preprocessed;docling_qwen3-vlm-4B_preprocessed,55,72,0.8189,0.4211,0.8189,0.8189,0.4211,0.4211
pages-92-b,MISMATCH,docling_easyocr_preprocessed;docling_qwen3-vlm-4B_preprocessed,80,92,0.5116,0.5455,0.5116,0.5116,0.5455,0.5455
pages-93-a,MISMATCH,docling_easyocr_preprocessed;docling_qwen3-vlm-4B_preprocessed,23,33,0.75,0.4,0.75,0.75,0.4,0.4
pages-93-b,MISMATCH,docling_easyocr_preprocessed;docling_qwen3-vlm-4B_preprocessed,2679,3124,0.3129,0.5935,0.3129,0.3129,0.5935,0.5935
pages-94-a,MISMATCH,docling_easyocr_preprocessed;docling_qwen3-vlm-4B_preprocessed,3325,3732,0.1627,0.6675,0.1627,0.1627,0.6675,0.6675
pages-94-b,MISMATCH,docling_easyocr_preprocessed;docling_qwen3-vlm-4B_preprocessed,2669,3106,0.5555,0.601,0.5555,0.5555,0.601,0.601
pages-95-a,MISMATCH,docling_easyocr_preprocessed;docling_qwen3-vlm-4B_preprocessed,2984,4071,0.1279,0.4313,0.1279,0.1279,0.4313,0.4313
pages-95-b,MISMATCH,docling_easyocr_preprocessed;docling_qwen3-vlm-4B_preprocessed,2037,3505,0.4749,0.3712,0.4749,0.4749,0.3712,0.3712
pages-96-a,MISMATCH,docling_easyocr_preprocessed;docling_qwen3-vlm-4B_preprocessed,2508,3205,0.5276,0.4648,0.5276,0.5276,0.4648,0.4648
pages-96-b,MISMATCH,docling_easyocr_preprocessed;docling_qwen3-vlm-4B_preprocessed,1943,3225,0.0906,0.374,0.0906,0.0906,0.374,0.374
pages-97-a,MISMATCH,docling_easyocr_preprocessed;docling_qwen3-vlm-4B_preprocessed,2496,2829,0.2757,0.5589,0.2757,0.2757,0.5589,0.5589
pages-97-b,MISMATCH,docling_easyocr_preprocessed;docling_qwen3-vlm-4B_preprocessed,2178,2937,0.1024,0.5044,0.1024,0.1024,0.5044,0.5044
pages-98-a,MISMATCH,docling_easyocr_preprocessed;docling_qwen3-vlm-4B_preprocessed,2165,3435,0.2118,0.3484,0.2118,0.2118,0.3484,0.3484
pages-98-b,MISMATCH,docling_easyocr_preprocessed;docling_qwen3-vlm-4B_preprocessed,2187,3189,0.1142,0.484,0.1142,0.1142,0.484,0.484
pages-100-a,MISSING,docling_easyocr_preprocessed,0,136,0.0,0.0,0.0,0.0,0.0,0.0
pages-100-b,MISMATCH,docling_easyocr_preprocessed;docling_qwen3-vlm-4B_preprocessed,3548,4082,0.1649,0.4752,0.1649,0.1649,0.4752,0.4752
pages-101-a,MISMATCH,docling_easyocr_preprocessed;docling_qwen3-vlm-4B_preprocessed,1427,2182,0.0316,0.4091,0.0316,0.0316,0.4091,0.4091
pages-101-b,MISMATCH,docling_easyocr_preprocessed;docling_qwen3-vlm-4B_preprocessed,2098,3882,0.2545,0.3116,0.2545,0.2545,0.3116,0.3116
pages-102-a,MISMATCH,docling_easyocr_preprocessed;docling_qwen3-vlm-4B_preprocessed,2907,3625,0.1681,0.4344,0.1681,0.1681,0.4344,0.4344
pages-102-b,MISMATCH,docling_easyocr_preprocessed;docling_qwen3-vlm-4B_preprocessed,3143,3938,0.2438,0.4671,0.2438,0.2438,0.4671,0.4671
pages-103-a,MISMATCH,docling_easyocr_preprocessed;docling_qwen3-vlm-4B_preprocessed,2111,2883,0.3616,0.4306,0.3616,0.3616,0.4306,0.4306
pages-103-b,MISMATCH,docling_easyocr_preprocessed;docling_qwen3-vlm-4B_preprocessed,2555,3141,0.0397,0.4933,0.0397,0.0397,0.4933,0.4933
pages-104-a,MISMATCH,docling_easyocr_preprocessed;docling_qwen3-vlm-4B_preprocessed,825,2095,0.1178,0.1828,0.1178,0.1178,0.1828,0.1828
pages-104-b,MISSING,docling_easyocr_preprocessed,0,25,0.0,0.0,0.0,0.0,0.0,0.0
pages-105-a,BLANK,,0,245,0.0,0.0,0.0,0.0,0.0,0.0
pages-105-b,MISMATCH,docling_easyocr_preprocessed;docling_qwen3-vlm-4B_preprocessed,1498,1803,0.0842,0.5932,0.0842,0.0842,0.5932,0.5932
pages-106-a,MISMATCH,docling_easyocr_preprocessed;docling_qwen3-vlm-4B_preprocessed,542,866,0.0483,0.2014,0.0483,0.0483,0.2014,0.2014
pages-106-b,MISMATCH,docling_easyocr_preprocessed;docling_qwen3-vlm-4B_preprocessed,2573,3047,0.1456,0.5625,0.1456,0.1456,0.5625,0.5625
pages-107-a,MISMATCH,docling_easyocr_preprocessed;docling_qwen3-vlm-4B_preprocessed,1615,2191,0.0988,0.3493,0.0988,0.0988,0.3493,0.3493
pages-107-b,MISMATCH,docling_easyocr_preprocessed;docling_qwen3-vlm-4B_preprocessed,1948,3397,0.1175,0.3106,0.1175,0.1175,0.3106,0.3106
pages-108-a,MISMATCH,docling_easyocr_preprocessed;docling_qwen3-vlm-4B_preprocessed,2543,3358,0.179,0.4439,0.179,0.179,0.4439,0.4439
pages-108-b,MISMATCH,docling_easyocr_preprocessed;docling_qwen3-vlm-4B_preprocessed,2061,2729,0.1637,0.3791,0.1637,0.1637,0.3791,0.3791
pages-109-a,MISMATCH,docling_easyocr_preprocessed;docling_qwen3-vlm-4B_preprocessed,3027,3596,0.2485,0.5033,0.2485,0.2485,0.5033,0.5033
pages-109-b,MISMATCH,docling_easyocr_preprocessed;docling_qwen3-vlm-4B_preprocessed,1165,1990,0.1084,0.2616,0.1084,0.1084,0.2616,0.2616
pages-110-a,MISMATCH,docling_easyocr_preprocessed;docling_qwen3-vlm-4B_preprocessed,1980,3336,0.1178,0.3443,0.1178,0.1178,0.3443,0.3443
pages-110-b,MATCH,,13,13,1.0,1.0,1.0,1.0,1.0,1.0
pages-111-a,BLANK,,0,83,0.0,0.0,0.0,0.0,0.0,0.0
pages-111-b,MISMATCH,docling_easyocr_preprocessed;docling_qwen3-vlm-4B_preprocessed,1321,1502,0.0298,0.5522,0.0298,0.0298,0.5522,0.5522
pages-112-a,MISMATCH,docling_easyocr_preprocessed;docling_qwen3-vlm-4B_preprocessed,132,210,0.1754,0.0732,0.1754,0.1754,0.0732,0.0732
pages-112-b,MISMATCH,docling_easyocr_preprocessed;docling_qwen3-vlm-4B_preprocessed,2522,2976,0.1983,0.4915,0.1983,0.1983,0.4915,0.4915
pages-113-a,MISMATCH,docling_easyocr_preprocessed;docling_qwen3-vlm-4B_preprocessed,1768,2734,0.179,0.3096,0.179,0.179,0.3096,0.3096
pages-113-b,MISMATCH,docling_easyocr_preprocessed;docling_qwen3-vlm-4B_preprocessed,2007,3593,0.0575,0.2942,0.0575,0.0575,0.2942,0.2942
pages-114-a,MISMATCH,docling_easyocr_preprocessed;docling_qwen3-vlm-4B_preprocessed,2584,3237,0.3625,0.4696,0.3625,0.3625,0.4696,0.4696
pages-114-b,MISMATCH,docling_easyocr_preprocessed;docling_qwen3-vlm-4B_preprocessed,1834,3067,0.0767,0.2887,0.0767,0.0767,0.2887,0.2887
pages-115-a,MISMATCH,docling_easyocr_preprocessed;docling_qwen3-vlm-4B_preprocessed,2920,3424,0.0429,0.4471,0.0429,0.0429,0.4471,0.4471
pages-115-b,MISMATCH,docling_easyocr_preprocessed;docling_qwen3-vlm-4B_preprocessed,2285,2841,0.2439,0.4506,0.2439,0.2439,0.4506,0.4506
pages-116-a,MISMATCH,docling_easyocr_preprocessed;docling_qwen3-vlm-4B_preprocessed,3100,4054,0.0428,0.4283,0.0428,0.0428,0.4283,0.4283
pages-116-b,MISMATCH,docling_easyocr_preprocessed;docling_qwen3-vlm-4B_preprocessed,1771,2962,0.049,0.2743,0.049,0.049,0.2743,0.2743
pages-117-a,MISMATCH,docling_easyocr_preprocessed;docling_qwen3-vlm-4B_preprocessed,3159,4282,0.2312,0.3914,0.2312,0.2312,0.3914,0.3914
pages-117-b,MISMATCH,docling_easyocr_preprocessed;docling_qwen3-vlm-4B_preprocessed,2190,3330,0.0656,0.3436,0.0656,0.0656,0.3436,0.3436
pages-118-a,MISMATCH,docling_easyocr_preprocessed;docling_qwen3-vlm-4B_preprocessed,2085,2855,0.2061,0.4247,0.2061,0.2061,0.4247,0.4247
pages-118-b,MISMATCH,docling_easyocr_preprocessed;docling_qwen3-vlm-4B_preprocessed,2401,3548,0.1493,0.4172,0.1493,0.1493,0.4172,0.4172
pages-119-a,MISMATCH,docling_easyocr_preprocessed;docling_qwen3-vlm-4B_preprocessed,1750,3176,0.2489,0.253,0.2489,0.2489,0.253,0.253
pages-119-b,MISMATCH,docling_easyocr_preprocessed;docling_qwen3-vlm-4B_preprocessed,1793,3852,0.067,0.2318,0.067,0.067,0.2318,0.2318
pages-120-a,MISMATCH,docling_easyocr_preprocessed;docling_qwen3-vlm-4B_preprocessed,2411,3249,0.1042,0.3939,0.1042,0.1042,0.3939,0.3939
pages-120-b,MISMATCH,docling_easyocr_preprocessed;docling_qwen3-vlm-4B_preprocessed,1901,3243,0.1788,0.309,0.1788,0.1788,0.309,0.309
pages-121-a,MISMATCH,docling_easyocr_preprocessed;docling_qwen3-vlm-4B_preprocessed,2756,3327,0.1867,0.4877,0.1867,0.1867,0.4877,0.4877
pages-121-b,MISMATCH,docling_easyocr_preprocessed;docling_qwen3-vlm-4B_preprocessed,2868,3958,0.2274,0.4283,0.2274,0.2274,0.4283,0.4283
pages-122-a,MISMATCH,docling_easyocr_preprocessed;docling_qwen3-vlm-4B_preprocessed,2632,3909,0.1899,0.3543,0.1899,0.1899,0.3543,0.3543
pages-122-b,MISMATCH,docling_easyocr_preprocessed;docling_qwen3-vlm-4B_preprocessed,1854,2986,0.0831,0.3309,0.0831,0.0831,0.3309,0.3309
pages-123-a,MISMATCH,docling_easyocr_preprocessed;docling_qwen3-vlm-4B_preprocessed,2211,3462,0.1072,0.3713,0.1072,0.1072,0.3713,0.3713
pages-123-b,MISSING,docling_easyocr_preprocessed,0,298,0.0,0.0,0.0,0.0,0.0,0.0
pages-124-a,MISMATCH,docling_easyocr_preprocessed;docling_qwen3-vlm-4B_preprocessed,60,58,0.4746,0.2143,0.4746,0.4746,0.2143,0.2143
pages-124-b,MISMATCH,docling_easyocr_preprocessed;docling_qwen3-vlm-4B_preprocessed,49,54,0.6602,0.0833,0.6602,0.6602,0.0833,0.0833
pages-125-a,MISSING,docling_easyocr_preprocessed,0,72,0.0,0.0,0.0,0.0,0.0,0.0
pages-125-b,MISMATCH,docling_easyocr_preprocessed;docling_qwen3-vlm-4B_preprocessed,1579,3090,0.1868,0.3396,0.1868,0.1868,0.3396,0.3396
pages-126-a,MISMATCH,docling_easyocr_preprocessed;docling_qwen3-vlm-4B_preprocessed,2902,3535,0.1209,0.4605,0.1209,0.1209,0.4605,0.4605
pages-126-b,MISMATCH,docling_easyocr_preprocessed;docling_qwen3-vlm-4B_preprocessed,2667,3671,0.2581,0.47,0.2581,0.2581,0.47,0.47
pages-127-a,MISMATCH,docling_easyocr_preprocessed;docling_qwen3-vlm-4B_preprocessed,1372,2363,0.0814,0.2569,0.0814,0.0814,0.2569,0.2569
pages-127-b,MATCH,,23,23,1.0,1.0,1.0,1.0,1.0,1.0
pages-128-a,BLANK,,0,83,0.0,0.0,0.0,0.0,0.0,0.0
pages-128-b,MISMATCH,docling_easyocr_preprocessed;docling_qwen3-vlm-4B_preprocessed,1579,1720,0.0703,0.74,0.0703,0.0703,0.74,0.74
pages-129-a,MISMATCH,docling_easyocr_preprocessed;docling_qwen3-vlm-4B_preprocessed,2653,3239,0.0988,0.4234,0.0988,0.0988,0.4234,0.4234
pages-129-b,MISMATCH,docling_easyocr_preprocessed;docling_qwen3-vlm-4B_preprocessed,2548,3550,0.3135,0.4487,0.3135,0.3135,0.4487,0.4487
pages-130-a,MISMATCH,docling_easyocr_preprocessed;docling_qwen3-vlm-4B_preprocessed,2193,3059,0.519,0.4119,0.519,0.519,0.4119,0.4119
pages-130-b,MISMATCH,docling_easyocr_preprocessed;docling_qwen3-vlm-4B_preprocessed,1316,2944,0.016,0.2596,0.016,0.016,0.2596,0.2596
pages-131-a,MISMATCH,docling_easyocr_preprocessed;docling_qwen3-vlm-4B_preprocessed,2105,2729,0.1547,0.3681,0.1547,0.1547,0.3681,0.3681
pages-131-b,MISMATCH,docling_easyocr_preprocessed;docling_qwen3-vlm-4B_preprocessed,1684,3373,0.2037,0.289,0.2037,0.2037,0.289,0.289
pages-132-a,MISMATCH,docling_easyocr_preprocessed;docling_qwen3-vlm-4B_preprocessed,1930,2854,0.2947,0.3846,0.2947,0.2947,0.3846,0.3846
pages-132-b,MISMATCH,docling_easyocr_preprocessed;docling_qwen3-vlm-4B_preprocessed,2226,3519,0.1239,0.3395,0.1239,0.1239,0.3395,0.3395
pages-133-a,MISMATCH,docling_easyocr_preprocessed;docling_qwen3-vlm-4B_preprocessed,1913,3978,0.2417,0.3043,0.2417,0.2417,0.3043,0.3043
pages-133-b,MISMATCH,docling_easyocr_preprocessed;docling_qwen3-vlm-4B_preprocessed,491,2793,0.0408,0.0652,0.0408,0.0408,0.0652,0.0652
pages-134-a,MISMATCH,docling_easyocr_preprocessed;docling_qwen3-vlm-4B_preprocessed,2783,3778,0.1619,0.4605,0.1619,0.1619,0.4605,0.4605
pages-134-b,MISMATCH,docling_easyocr_preprocessed;docling_qwen3-vlm-4B_preprocessed,1981,3801,0.2449,0.3099,0.2449,0.2449,0.3099,0.3099
pages-135-a,MISMATCH,docling_easyocr_preprocessed;docling_qwen3-vlm-4B_preprocessed,2662,3384,0.3205,0.5057,0.3205,0.3205,0.5057,0.5057
pages-135-b,MISMATCH,docling_easyocr_preprocessed;docling_qwen3-vlm-4B_preprocessed,2680,4103,0.3105,0.3687,0.3105,0.3105,0.3687,0.3687
pages-136-a,MISMATCH,docling_easyocr_preprocessed;docling_qwen3-vlm-4B_preprocessed,1716,3025,0.1658,0.2823,0.1658,0.1658,0.2823,0.2823
pages-136-b,MISMATCH,docling_easyocr_preprocessed;docling_qwen3-vlm-4B_preprocessed,854,2589,0.1156,0.2432,0.1156,0.1156,0.2432,0.2432
pages-137-a,MISSING,docling_qwen3-vlm-4B_preprocessed,1995,0,0.0,0.0,0.0,0.0,0.0,0.0
pages-137-b,MISMATCH,docling_easyocr_preprocessed;docling_qwen3-vlm-4B_preprocessed,1717,1934,0.1906,0.5094,0.1906,0.1906,0.5094,0.5094
pages-138-a,MISMATCH,docling_easyocr_preprocessed;docling_qwen3-vlm-4B_preprocessed,2811,3162,0.2491,0.4924,0.2491,0.2491,0.4924,0.4924
pages-138-b,MISMATCH,docling_easyocr_preprocessed;docling_qwen3-vlm-4B_preprocessed,2326,3062,0.1823,0.4231,0.1823,0.1823,0.4231,0.4231
pages-139-a,MISMATCH,docling_easyocr_preprocessed;docling_qwen3-vlm-4B_preprocessed,1571,3194,0.2141,0.2439,0.2141,0.2141,0.2439,0.2439
pages-139-b,MATCH,,23,23,1.0,1.0,1.0,1.0,1.0,1.0
pages-140-a,BLANK,,0,160,0.0,0.0,0.0,0.0,0.0,0.0
pages-140-b,MISMATCH,docling_easyocr_preprocessed;docling_qwen3-vlm-4B_preprocessed,1154,1245,0.511,0.7078,0.511,0.511,0.7078,0.7078
pages-141-a,MISMATCH,docling_easyocr_preprocessed;docling_qwen3-vlm-4B_preprocessed,2578,3109,0.5145,0.519,0.5145,0.5145,0.519,0.519
pages-141-b,MISMATCH,docling_easyocr_preprocessed;docling_qwen3-vlm-4B_preprocessed,2142,2870,0.3803,0.4194,0.3803,0.3803,0.4194,0.4194
pages-142-a,MISMATCH,docling_easyocr_preprocessed;docling_qwen3-vlm-4B_preprocessed,1778,2880,0.0833,0.3233,0.0833,0.0833,0.3233,0.3233
pages-142-b,MISMATCH,docling_easyocr_preprocessed;docling_qwen3-vlm-4B_preprocessed,1342,2795,0.1586,0.2906,0.1586,0.1586,0.2906,0.2906
pages-143-a,MISMATCH,docling_easyocr_preprocessed;docling_qwen3-vlm-4B_preprocessed,2728,3934,0.2008,0.3926,0.2008,0.2008,0.3926,0.3926
pages-143-b,MISMATCH,docling_easyocr_preprocessed;docling_qwen3-vlm-4B_preprocessed,2459,4355,0.0977,0.3616,0.0977,0.0977,0.3616,0.3616
pages-144-a,MISMATCH,docling_easyocr_preprocessed;docling_qwen3-vlm-4B_preprocessed,2391,3070,0.1274,0.4159,0.1274,0.1274,0.4159,0.4159
pages-144-b,MISMATCH,docling_easyocr_preprocessed;docling_qwen3-vlm-4B_preprocessed,1621,3247,0.1113,0.301,0.1113,0.1113,0.301,0.301
pages-145-a,MISMATCH,docling_easyocr_preprocessed;docling_qwen3-vlm-4B_preprocessed,2144,67315,0.004,0.2635,0.004,0.004,0.2635,0.2635
pages-145-b,MISMATCH,docling_easyocr_preprocessed;docling_qwen3-vlm-4B_preprocessed,2221,4106,0.2162,0.3609,0.2162,0.2162,0.3609,0.3609
pages-146-a,MISMATCH,docling_easyocr_preprocessed;docling_qwen3-vlm-4B_preprocessed,1716,2446,0.1634,0.3474,0.1634,0.1634,0.3474,0.3474
pages-146-b,MISMATCH,docling_easyocr_preprocessed;docling_qwen3-vlm-4B_preprocessed,16,16,0.75,0.5,0.75,0.75,0.5,0.5
pages-147-a,BLANK,,0,255,0.0,0.0,0.0,0.0,0.0,0.0
pages-147-b,MISMATCH,docling_easyocr_preprocessed;docling_qwen3-vlm-4B_preprocessed,696,806,0.4594,0.7048,0.4594,0.4594,0.7048,0.7048
pages-148-a,MISMATCH,docling_easyocr_preprocessed;docling_qwen3-vlm-4B_preprocessed,1453,1930,0.2034,0.5094,0.2034,0.2034,0.5094,0.5094
pages-148-b,MISMATCH,docling_easyocr_preprocessed;docling_qwen3-vlm-4B_preprocessed,765,1178,0.2131,0.3056,0.2131,0.2131,0.3056,0.3056
pages-149-a,MISMATCH,docling_easyocr_preprocessed;docling_qwen3-vlm-4B_preprocessed,2935,3688,0.1655,0.5145,0.1655,0.1655,0.5145,0.5145
pages-149-b,MISMATCH,docling_easyocr_preprocessed;docling_qwen3-vlm-4B_preprocessed,2347,3567,0.4011,0.367,0.4011,0.4011,0.367,0.367
pages-150-a,MISMATCH,docling_easyocr_preprocessed;docling_qwen3-vlm-4B_preprocessed,2563,3070,0.1008,0.5556,0.1008,0.1008,0.5556,0.5556
pages-150-b,MISMATCH,docling_easyocr_preprocessed;docling_qwen3-vlm-4B_preprocessed,2029,3751,0.1294,0.3326,0.1294,0.1294,0.3326,0.3326
pages-151-a,MISMATCH,docling_easyocr_preprocessed;docling_qwen3-vlm-4B_preprocessed,2360,3310,0.194,0.3973,0.194,0.194,0.3973,0.3973
pages-151-b,MISMATCH,docling_easyocr_preprocessed;docling_qwen3-vlm-4B_preprocessed,1720,3879,0.1136,0.3024,0.1136,0.1136,0.3024,0.3024
pages-152-a,MISMATCH,docling_easyocr_preprocessed;docling_qwen3-vlm-4B_preprocessed,1915,2790,0.037,0.315,0.037,0.037,0.315,0.315
pages-152-b,MISMATCH,docling_easyocr_preprocessed;docling_qwen3-vlm-4B_preprocessed,1129,3009,0.1682,0.2685,0.1682,0.1682,0.2685,0.2685
pages-153-a,MISMATCH,docling_easyocr_preprocessed;docling_qwen3-vlm-4B_preprocessed,2332,2974,0.2556,0.3617,0.2556,0.2556,0.3617,0.3617
pages-153-b,MISMATCH,docling_easyocr_preprocessed;docling_qwen3-vlm-4B_preprocessed,2209,3041,0.0392,0.4286,0.0392,0.0392,0.4286,0.4286
pages-154-a,MISMATCH,docling_easyocr_preprocessed;docling_qwen3-vlm-4B_preprocessed,1336,2826,0.1788,0.2447,0.1788,0.1788,0.2447,0.2447
pages-154-b,MISMATCH,docling_easyocr_preprocessed;docling_qwen3-vlm-4B_preprocessed,722,2725,0.1329,0.1903,0.1329,0.1329,0.1903,0.1903
pages-155-a,MISMATCH,docling_easyocr_preprocessed;docling_qwen3-vlm-4B_preprocessed,2969,3824,0.2947,0.4358,0.2947,0.2947,0.4358,0.4358
pages-155-b,MISSING,docling_easyocr_preprocessed,0,34617,0.0,0.0,0.0,0.0,0.0,0.0
pages-156-a,BLANK,,0,103,0.0,0.0,0.0,0.0,0.0,0.0
pages-156-b,MISMATCH,docling_easyocr_preprocessed;docling_qwen3-vlm-4B_preprocessed,2853,3859,0.2274,0.4498,0.2274,0.2274,0.4498,0.4498
pages-157-a,MISMATCH,docling_easyocr_preprocessed;docling_qwen3-vlm-4B_preprocessed,2604,3519,0.0964,0.436,0.0964,0.0964,0.436,0.436
pages-157-b,MISMATCH,docling_easyocr_preprocessed;docling_qwen3-vlm-4B_preprocessed,2260,3661,0.0932,0.3955,0.0932,0.0932,0.3955,0.3955
pages-158-a,MISMATCH,docling_easyocr_preprocessed;docling_qwen3-vlm-4B_preprocessed,1942,2625,0.1861,0.4462,0.1861,0.1861,0.4462,0.4462
pages-158-b,MISMATCH,docling_easyocr_preprocessed;docling_qwen3-vlm-4B_preprocessed,2967,3817,0.3149,0.4711,0.3149,0.3149,0.4711,0.4711
pages-159-a,MISMATCH,docling_easyocr_preprocessed;docling_qwen3-vlm-4B_preprocessed,3438,4043,0.4058,0.5539,0.4058,0.4058,0.5539,0.5539
pages-159-b,MISMATCH,docling_easyocr_preprocessed;docling_qwen3-vlm-4B_preprocessed,2484,3837,0.3408,0.4343,0.3408,0.3408,0.4343,0.4343
pages-160-a,MISMATCH,docling_easyocr_preprocessed;docling_qwen3-vlm-4B_preprocessed,3413,74279,0.0138,0.2818,0.0138,0.0138,0.2818,0.2818
pages-160-b,MISSING,docling_easyocr_preprocessed,0,126,0.0,0.0,0.0,0.0,0.0,0.0
pages-161-a,MISSING,docling_easyocr_preprocessed,0,229,0.0,0.0,0.0,0.0,0.0,0.0
pages-161-b,MISMATCH,docling_easyocr_preprocessed;docling_qwen3-vlm-4B_preprocessed,1492,2553,0.311,0.3456,0.311,0.311,0.3456,0.3456
pages-162-a,MISMATCH,docling_easyocr_preprocessed;docling_qwen3-vlm-4B_preprocessed,2594,3593,0.1086,0.4141,0.1086,0.1086,0.4141,0.4141
pages-162-b,MISMATCH,docling_easyocr_preprocessed;docling_qwen3-vlm-4B_preprocessed,1887,3672,0.0662,0.3189,0.0662,0.0662,0.3189,0.3189
pages-163-a,MISMATCH,docling_easyocr_preprocessed;docling_qwen3-vlm-4B_preprocessed,2396,72370,0.0003,0.0537,0.0003,0.0003,0.0537,0.0537
pages-163-b,MISMATCH,docling_easyocr_preprocessed;docling_qwen3-vlm-4B_preprocessed,1146,3440,0.0925,0.2244,0.0925,0.0925,0.2244,0.2244
pages-164-a,MISMATCH,docling_easyocr_preprocessed;docling_qwen3-vlm-4B_preprocessed,2732,66919,0.0022,0.2202,0.0022,0.0022,0.2202,0.2202
pages-164-b,MISMATCH,docling_easyocr_preprocessed;docling_qwen3-vlm-4B_preprocessed,1742,4051,0.1132,0.2735,0.1132,0.1132,0.2735,0.2735
pages-165-a,MISMATCH,docling_easyocr_preprocessed;docling_qwen3-vlm-4B_preprocessed,2681,67364,0.016,0.2075,0.016,0.016,0.2075,0.2075
pages-165-b,MISMATCH,docling_easyocr_preprocessed;docling_qwen3-vlm-4B_preprocessed,1882,3460,0.1932,0.2991,0.1932,0.1932,0.2991,0.2991
pages-166-a,MISMATCH,docling_easyocr_preprocessed;docling_qwen3-vlm-4B_preprocessed,2295,4423,0.0637,0.246,0.0637,0.0637,0.246,0.246
pages-166-b,MISMATCH,docling_easyocr_preprocessed;docling_qwen3-vlm-4B_preprocessed,1398,4003,0.2096,0.1984,0.2096,0.2096,0.1984,0.1984
pages-167-a,MISMATCH,docling_easyocr_preprocessed;docling_qwen3-vlm-4B_preprocessed,2637,3730,0.2095,0.391,0.2095,0.2095,0.391,0.391
pages-167-b,MISMATCH,docling_easyocr_preprocessed;docling_qwen3-vlm-4B_preprocessed,92,263,0.0225,0.0,0.0225,0.0225,0.0,0.0
pages-168-a,MISMATCH,docling_easyocr_preprocessed;docling_qwen3-vlm-4B_preprocessed,2407,3393,0.1348,0.3868,0.1348,0.1348,0.3868,0.3868
pages-168-b,MISMATCH,docling_easyocr_preprocessed;docling_qwen3-vlm-4B_preprocessed,14,13,0.963,0.25,0.963,0.963,0.25,0.25
pages-169-a,BLANK,,0,140,0.0,0.0,0.0,0.0,0.0,0.0
pages-169-b,MISMATCH,docling_easyocr_preprocessed;docling_qwen3-vlm-4B_preprocessed,1587,1731,0.2417,0.6603,0.2417,0.2417,0.6603,0.6603
pages-170-a,MISMATCH,docling_easyocr_preprocessed;docling_qwen3-vlm-4B_preprocessed,2728,3763,0.131,0.3799,0.131,0.131,0.3799,0.3799
pages-170-b,MISMATCH,docling_easyocr_preprocessed;docling_qwen3-vlm-4B_preprocessed,1920,3503,0.2984,0.3726,0.2984,0.2984,0.3726,0.3726
pages-171-a,MISMATCH,docling_easyocr_preprocessed;docling_qwen3-vlm-4B_preprocessed,2588,3242,0.0895,0.4027,0.0895,0.0895,0.4027,0.4027
pages-171-b,MISMATCH,docling_easyocr_preprocessed;docling_qwen3-vlm-4B_preprocessed,1685,2602,0.4222,0.3689,0.4222,0.4222,0.3689,0.3689
pages-172-a,MISMATCH,docling_easyocr_preprocessed;docling_qwen3-vlm-4B_preprocessed,3013,3913,0.1429,0.3879,0.1429,0.1429,0.3879,0.3879
pages-172-b,MISMATCH,docling_easyocr_preprocessed;docling_qwen3-vlm-4B_preprocessed,1884,3143,0.1094,0.3388,0.1094,0.1094,0.3388,0.3388
pages-173-a,MISMATCH,docling_easyocr_preprocessed;docling_qwen3-vlm-4B_preprocessed,3258,3855,0.2134,0.4726,0.2134,0.2134,0.4726,0.4726
pages-173-b,BLANK,,0,128,0.0,0.0,0.0,0.0,0.0,0.0
pages-174-a,MISSING,docling_easyocr_preprocessed,0,35,0.0,0.0,0.0,0.0,0.0,0.0
pages-174-b,MISMATCH,docling_easyocr_preprocessed;docling_qwen3-vlm-4B_preprocessed,2160,3223,0.1185,0.4083,0.1185,0.1185,0.4083,0.4083
pages-175-a,MISMATCH,docling_easyocr_preprocessed;docling_qwen3-vlm-4B_preprocessed,1548,2122,0.2142,0.3946,0.2142,0.2142,0.3946,0.3946
pages-175-b,MISMATCH,docling_easyocr_preprocessed;docling_qwen3-vlm-4B_preprocessed,1643,3851,0.1551,0.2914,0.1551,0.1551,0.2914,0.2914
pages-176-a,MISMATCH,docling_easyocr_preprocessed;docling_qwen3-vlm-4B_preprocessed,2246,2786,0.1999,0.4417,0.1999,0.1999,0.4417,0.4417
pages-176-b,MISMATCH,docling_easyocr_preprocessed;docling_qwen3-vlm-4B_preprocessed,2105,3611,0.091,0.3088,0.091,0.091,0.3088,0.3088
pages-177-a,MISMATCH,docling_easyocr_preprocessed;docling_qwen3-vlm-4B_preprocessed,2264,2963,0.127,0.3284,0.127,0.127,0.3284,0.3284
pages-177-b,MISMATCH,docling_easyocr_preprocessed;docling_qwen3-vlm-4B_preprocessed,1864,3539,0.1555,0.2837,0.1555,0.1555,0.2837,0.2837
pages-178-a,MISMATCH,docling_easyocr_preprocessed;docling_qwen3-vlm-4B_preprocessed,2480,3861,0.1057,0.3561,0.1057,0.1057,0.3561,0.3561
pages-178-b,BLANK,,0,193,0.0,0.0,0.0,0.0,0.0,0.0
pages-179-a,BLANK,,0,115,0.0,0.0,0.0,0.0,0.0,0.0
pages-179-b,MISMATCH,docling_easyocr_preprocessed;docling_qwen3-vlm-4B_preprocessed,2086,3383,0.1042,0.3624,0.1042,0.1042,0.3624,0.3624
pages-180-a,MISMATCH,docling_easyocr_preprocessed;docling_qwen3-vlm-4B_preprocessed,2239,66987,0.0044,0.3482,0.0044,0.0044,0.3482,0.3482
pages-180-b,MISMATCH,docling_easyocr_preprocessed;docling_qwen3-vlm-4B_preprocessed,2731,4090,0.1035,0.398,0.1035,0.1035,0.398,0.398
pages-181-a,MISMATCH,docling_easyocr_preprocessed;docling_qwen3-vlm-4B_preprocessed,2701,80582,0.0139,0.2633,0.0139,0.0139,0.2633,0.2633
pages-181-b,MISSING,docling_qwen3-vlm-4B_preprocessed,903,0,0.0,0.0,0.0,0.0,0.0,0.0
pages-182-a,MISMATCH,docling_easyocr_preprocessed;docling_qwen3-vlm-4B_preprocessed,1048,1424,0.1052,0.3592,0.1052,0.1052,0.3592,0.3592
pages-182-b,MISMATCH,docling_easyocr_preprocessed;docling_qwen3-vlm-4B_preprocessed,1268,1565,0.2301,0.5288,0.2301,0.2301,0.5288,0.5288
pages-183-a,MISMATCH,docling_easyocr_preprocessed;docling_qwen3-vlm-4B_preprocessed,2038,804,0.0317,0.0811,0.0317,0.0317,0.0811,0.0811
pages-183-b,MISSING,docling_easyocr_preprocessed,0,26,0.0,0.0,0.0,0.0,0.0,0.0
pages-184-a,BLANK,,0,154,0.0,0.0,0.0,0.0,0.0,0.0
pages-184-b,MISMATCH,docling_easyocr_preprocessed;docling_qwen3-vlm-4B_preprocessed,2046,3250,0.0415,0.3648,0.0415,0.0415,0.3648,0.3648
pages-185-a,MISMATCH,docling_easyocr_preprocessed;docling_qwen3-vlm-4B_preprocessed,3071,4107,0.173,0.4563,0.173,0.173,0.4563,0.4563
pages-185-b,MISMATCH,docling_easyocr_preprocessed;docling_qwen3-vlm-4B_preprocessed,1378,3239,0.123,0.2832,0.123,0.123,0.2832,0.2832
pages-186-a,MISMATCH,docling_easyocr_preprocessed;docling_qwen3-vlm-4B_preprocessed,677,900,0.0596,0.5952,0.0596,0.0596,0.5952,0.5952
pages-186-b,MISMATCH,docling_easyocr_preprocessed;docling_qwen3-vlm-4B_preprocessed,1016,3043,0.0655,0.2197,0.0655,0.0655,0.2197,0.2197
pages-187-a,MISMATCH,docling_easyocr_preprocessed;docling_qwen3-vlm-4B_preprocessed,2033,3191,0.0861,0.3168,0.0861,0.0861,0.3168,0.3168
pages-187-b,MISMATCH,docling_easyocr_preprocessed;docling_qwen3-vlm-4B_preprocessed,580,41397,0.0189,0.0124,0.0189,0.0189,0.0124,0.0124
pages-188-a,MISMATCH,docling_easyocr_preprocessed;docling_qwen3-vlm-4B_preprocessed,2251,74503,0.002,0.0714,0.002,0.002,0.0714,0.0714
pages-188-b,MISSING,docling_easyocr_preprocessed,0,25,0.0,0.0,0.0,0.0,0.0,0.0
pages-189-a,BLANK,,0,124,0.0,0.0,0.0,0.0,0.0,0.0
pages-189-b,MISMATCH,docling_easyocr_preprocessed;docling_qwen3-vlm-4B_preprocessed,1539,3092,0.0877,0.3314,0.0877,0.0877,0.3314,0.3314
pages-190-a,MISMATCH,docling_easyocr_preprocessed;docling_qwen3-vlm-4B_preprocessed,768,2062,0.036,0.2085,0.036,0.036,0.2085,0.2085
pages-190-b,MISMATCH,docling_easyocr_preprocessed;docling_qwen3-vlm-4B_preprocessed,1454,3608,0.0265,0.2411,0.0265,0.0265,0.2411,0.2411
pages-191-a,MISMATCH,docling_easyocr_preprocessed;docling_qwen3-vlm-4B_preprocessed,1741,1157,0.136,0.3689,0.136,0.136,0.3689,0.3689
pages-191-b,MISMATCH,docling_easyocr_preprocessed;docling_qwen3-vlm-4B_preprocessed,16,37240,0.0009,0.0952,0.0009,0.0009,0.0952,0.0952
pages-192-a,BLANK,,0,133,0.0,0.0,0.0,0.0,0.0,0.0
pages-192-b,MISMATCH,docling_easyocr_preprocessed;docling_qwen3-vlm-4B_preprocessed,2863,3679,0.0269,0.4127,0.0269,0.0269,0.4127,0.4127
pages-193-a,MISMATCH,docling_easyocr_preprocessed;docling_qwen3-vlm-4B_preprocessed,3049,4070,0.1121,0.4527,0.1121,0.1121,0.4527,0.4527
pages-193-b,MISMATCH,docling_easyocr_preprocessed;docling_qwen3-vlm-4B_preprocessed,851,4202,0.0534,0.1163,0.0534,0.0534,0.1163,0.1163
pages-194-a,MISMATCH,docling_easyocr_preprocessed;docling_qwen3-vlm-4B_preprocessed,836,1584,0.1364,0.2286,0.1364,0.1364,0.2286,0.2286
pages-194-b,MISMATCH,docling_easyocr_preprocessed;docling_qwen3-vlm-4B_preprocessed,1404,2369,0.2422,0.4083,0.2422,0.2422,0.4083,0.4083
pages-195-a,MISMATCH,docling_easyocr_preprocessed;docling_qwen3-vlm-4B_preprocessed,1838,2844,0.3387,0.3973,0.3387,0.3387,0.3973,0.3973
pages-195-b,MISMATCH,docling_easyocr_preprocessed;docling_qwen3-vlm-4B_preprocessed,1297,2463,0.1553,0.3984,0.1553,0.1553,0.3984,0.3984
pages-196-a,MISMATCH,docling_easyocr_preprocessed;docling_qwen3-vlm-4B_preprocessed,2286,3057,0.1632,0.4959,0.1632,0.1632,0.4959,0.4959
pages-196-b,MISMATCH,docling_easyocr_preprocessed;docling_qwen3-vlm-4B_preprocessed,1144,3020,0.0403,0.3395,0.0403,0.0403,0.3395,0.3395
pages-197-a,MISMATCH,docling_easyocr_preprocessed;docling_qwen3-vlm-4B_preprocessed,2188,3301,0.0259,0.4041,0.0259,0.0259,0.4041,0.4041
pages-197-b,BLANK,,0,197,0.0,0.0,0.0,0.0,0.0,0.0
pages-198-a,MISSING,docling_easyocr_preprocessed,0,30,0.0,0.0,0.0,0.0,0.0,0.0
pages-198-b,MISMATCH,docling_easyocr_preprocessed;docling_qwen3-vlm-4B_preprocessed,2523,3550,0.2381,0.4581,0.2381,0.2381,0.4581,0.4581
pages-199-a,MISMATCH,docling_easyocr_preprocessed;docling_qwen3-vlm-4B_preprocessed,2583,3124,0.1339,0.5087,0.1339,0.1339,0.5087,0.5087
pages-199-b,MISMATCH,docling_easyocr_preprocessed;docling_qwen3-vlm-4B_preprocessed,1563,3086,0.0125,0.358,0.0125,0.0125,0.358,0.358
pages-200-a,MISMATCH,docling_easyocr_preprocessed;docling_qwen3-vlm-4B_preprocessed,2220,2671,0.0756,0.5921,0.0756,0.0756,0.5921,0.5921
pages-200-b,MISMATCH,docling_easyocr_preprocessed;docling_qwen3-vlm-4B_preprocessed,2177,2464,0.0543,0.5016,0.0543,0.0543,0.5016,0.5016
pages-201-a,MISMATCH,docling_easyocr_preprocessed;docling_qwen3-vlm-4B_preprocessed,2311,3041,0.0325,0.4595,0.0325,0.0325,0.4595,0.4595
pages-201-b,MISMATCH,docling_easyocr_preprocessed;docling_qwen3-vlm-4B_preprocessed,2151,2973,0.4239,0.487,0.4239,0.4239,0.487,0.487
pages-202-a,MISMATCH,docling_easyocr_preprocessed;docling_qwen3-vlm-4B_preprocessed,2406,2794,0.3292,0.4809,0.3292,0.3292,0.4809,0.4809
pages-202-b,MISSING,docling_easyocr_preprocessed,0,38,0.0,0.0,0.0,0.0,0.0,0.0
pages-203-a,MISSING,docling_easyocr_preprocessed,0,28696,0.0,0.0,0.0,0.0,0.0,0.0
pages-203-b,MISMATCH,docling_easyocr_preprocessed;docling_qwen3-vlm-4B_preprocessed,1959,2848,0.1935,0.3971,0.1935,0.1935,0.3971,0.3971
pages-204-a,MISMATCH,docling_easyocr_preprocessed;docling_qwen3-vlm-4B_preprocessed,2586,3139,0.4059,0.5228,0.4059,0.4059,0.5228,0.5228
pages-204-b,MISMATCH,docling_easyocr_preprocessed;docling_qwen3-vlm-4B_preprocessed,2062,3120,0.1976,0.366,0.1976,0.1976,0.366,0.366
pages-205-a,MISMATCH,docling_easyocr_preprocessed;docling_qwen3-vlm-4B_preprocessed,2390,3333,0.5053,0.4794,0.5053,0.5053,0.4794,0.4794
pages-205-b,MISMATCH,docling_easyocr_preprocessed;docling_qwen3-vlm-4B_preprocessed,1667,2688,0.0546,0.4172,0.0546,0.0546,0.4172,0.4172
pages-206-a,MISMATCH,docling_easyocr_preprocessed;docling_qwen3-vlm-4B_preprocessed,2653,3342,0.2262,0.5196,0.2262,0.2262,0.5196,0.5196
pages-206-b,MISMATCH,docling_easyocr_preprocessed;docling_qwen3-vlm-4B_preprocessed,40,37266,0.0014,0.1053,0.0014,0.0014,0.1053,0.1053
pages-207-a,BLANK,,0,134,0.0,0.0,0.0,0.0,0.0,0.0
pages-207-b,MISMATCH,docling_easyocr_preprocessed;docling_qwen3-vlm-4B_preprocessed,1286,1500,0.051,0.5,0.051,0.051,0.5,0.5
pages-208-a,MISMATCH,docling_easyocr_preprocessed;docling_qwen3-vlm-4B_preprocessed,2299,3328,0.0981,0.3746,0.0981,0.0981,0.3746,0.3746
pages-208-b,MISMATCH,docling_easyocr_preprocessed;docling_qwen3-vlm-4B_preprocessed,1254,3394,0.0671,0.2749,0.0671,0.0671,0.2749,0.2749
pages-209-a,MISMATCH,docling_easyocr_preprocessed;docling_qwen3-vlm-4B_preprocessed,2753,3345,0.3257,0.586,0.3257,0.3257,0.586,0.586
pages-209-b,MISMATCH,docling_easyocr_preprocessed;docling_qwen3-vlm-4B_preprocessed,2135,3353,0.074,0.3696,0.074,0.074,0.3696,0.3696
pages-210-a,MISMATCH,docling_easyocr_preprocessed;docling_qwen3-vlm-4B_preprocessed,2778,3195,0.0402,0.6056,0.0402,0.0402,0.6056,0.6056
pages-210-b,MISMATCH,docling_easyocr_preprocessed;docling_qwen3-vlm-4B_preprocessed,1782,2940,0.0885,0.4071,0.0885,0.0885,0.4071,0.4071
pages-211-a,MISMATCH,docling_easyocr_preprocessed;docling_qwen3-vlm-4B_preprocessed,2626,3563,0.2566,0.4585,0.2566,0.2566,0.4585,0.4585
pages-211-b,MISMATCH,docling_easyocr_preprocessed;docling_qwen3-vlm-4B_preprocessed,1523,3138,0.018,0.2616,0.018,0.018,0.2616,0.2616
pages-212-a,MISMATCH,docling_easyocr_preprocessed;docling_qwen3-vlm-4B_preprocessed,1886,1617,0.1279,0.4148,0.1279,0.1279,0.4148,0.4148
pages-212-b,MISMATCH,docling_easyocr_preprocessed;docling_qwen3-vlm-4B_preprocessed,1382,31,0.0127,0.0055,0.0127,0.0127,0.0055,0.0055
pages-213-a,MISMATCH,docling_easyocr_preprocessed;docling_qwen3-vlm-4B_preprocessed,2825,6,0.0042,0.0031,0.0042,0.0042,0.0031,0.0031
pages-213-b,MISMATCH,docling_easyocr_preprocessed;docling_qwen3-vlm-4B_preprocessed,1436,34,0.0408,0.026,0.0408,0.0408,0.026,0.026
pages-214-a,MISMATCH,docling_easyocr_preprocessed;docling_qwen3-vlm-4B_preprocessed,1469,17,0.0229,0.0,0.0229,0.0229,0.0,0.0
pages-214-b,MISMATCH,docling_easyocr_preprocessed;docling_qwen3-vlm-4B_preprocessed,562,34,0.0973,0.0,0.0973,0.0973,0.0,0.0
pages-215-a,MISMATCH,docling_easyocr_preprocessed;docling_qwen3-vlm-4B_preprocessed,945,7,0.0105,0.0,0.0105,0.0105,0.0,0.0
pages-215-b,MISMATCH,docling_easyocr_preprocessed;docling_qwen3-vlm-4B_preprocessed,1672,2974,0.0129,0.2253,0.0129,0.0129,0.2253,0.2253
pages-216-a,MISMATCH,docling_easyocr_preprocessed;docling_qwen3-vlm-4B_preprocessed,1254,3633,0.0372,0.2082,0.0372,0.0372,0.2082,0.2082
pages-216-b,MISMATCH,docling_easyocr_preprocessed;docling_qwen3-vlm-4B_preprocessed,2040,3721,0.0139,0.3703,0.0139,0.0139,0.3703,0.3703
pages-217-a,MISMATCH,docling_easyocr_preprocessed;docling_qwen3-vlm-4B_preprocessed,1305,32,0.0419,0.0159,0.0419,0.0419,0.0159,0.0159
pages-217-b,MISMATCH,docling_easyocr_preprocessed;docling_qwen3-vlm-4B_preprocessed,826,22,0.0519,0.0093,0.0519,0.0519,0.0093,0.0093
pages-218-a,MISMATCH,docling_easyocr_preprocessed;docling_qwen3-vlm-4B_preprocessed,1798,31,0.0273,0.0243,0.0273,0.0273,0.0243,0.0243
pages-218-b,MISMATCH,docling_easyocr_preprocessed;docling_qwen3-vlm-4B_preprocessed,3850,32,0.0046,0.0132,0.0046,0.0046,0.0132,0.0132
pages-219-a,MISMATCH,docling_easyocr_preprocessed;docling_qwen3-vlm-4B_preprocessed,510,13,0.0497,0.0345,0.0497,0.0497,0.0345,0.0345
pages-219-b,MISMATCH,docling_easyocr_preprocessed;docling_qwen3-vlm-4B_preprocessed,1881,2983,0.104,0.3206,0.104,0.104,0.3206,0.3206
pages-220-a,MISMATCH,docling_easyocr_preprocessed;docling_qwen3-vlm-4B_preprocessed,5597,28,0.0064,0.0088,0.0064,0.0064,0.0088,0.0088
pages-220-b,MISMATCH,docling_easyocr_preprocessed;docling_qwen3-vlm-4B_preprocessed,1567,40,0.0348,0.0059,0.0348,0.0348,0.0059,0.0059
pages-221-a,MISMATCH,docling_easyocr_preprocessed;docling_qwen3-vlm-4B_preprocessed,1868,12,0.0096,0.0087,0.0096,0.0096,0.0087,0.0087
pages-221-b,MISMATCH,docling_easyocr_preprocessed;docling_qwen3-vlm-4B_preprocessed,1651,3213,0.0378,0.3176,0.0378,0.0378,0.3176,0.3176
pages-222-a,MISMATCH,docling_easyocr_preprocessed;docling_qwen3-vlm-4B_preprocessed,920,59,0.0858,0.0096,0.0858,0.0858,0.0096,0.0096
pages-222-b,BLANK,,0,281,0.0,0.0,0.0,0.0,0.0,0.0
pages-223-a,MISMATCH,docling_easyocr_preprocessed;docling_qwen3-vlm-4B_preprocessed,14,82,0.2708,0.1818,0.2708,0.2708,0.1818,0.1818
pages-223-b,MISMATCH,docling_easyocr_preprocessed;docling_qwen3-vlm-4B_preprocessed,4,28712,0.0001,0.0,0.0001,0.0001,0.0,0.0
pages-224-a,BLANK,,0,5,0.0,0.0,0.0,0.0,0.0,0.0
pages-224-b,BLANK,,0,381,0.0,0.0,0.0,0.0,0.0,0.0
